{
    "kango_version": "1.3.1 ba4b80d08b67", 
    "content_scripts": [], 
    "description": "Extension description", 
    "creator": "Kango", 
    "kango_package_id": "dev", 
    "background_scripts": [
        "main.js"
    ], 
    "homepage_url": "http://kangoextensions.com/", 
    "version": "0.9.0", 
    "browser_button": {
        "caption": "Kango", 
        "tooltipText": "Kango", 
        "icon": "icons/button.png"
    }, 
    "id": "fgbeipebnikkjfdaiadbihfjacdjfpjf", 
    "name": "Sample Script"
}